iter,stepsize,pop_best_eval,mean_eval,median_eval
1,ReadOnlyTensor(0.0395),45.35109329223633,21.08644676208496,16.129135131835938
